{
  "websites": [
    {
      "name": "Magic Flamingo",
      "url": "https://magicflamingo.ll-01.thedock.space/",
      "image": "./assets/magic_flamingo.webp"
    },
    {
      "name": "Botanico",
      "url": "https://botanico.se/",
      "image": "./assets/botanico.webp"

    },
    {
      "name": "Sunshine Restaurant Group",
      "url": "https://sunshinerestaurantgroup.se/",
      "image": "./assets/sunshine.webp"
    },
    {
      "name": "Brasserie Voyage",
      "url": "https://brasserievoyage.se/preview02/",
      "image": "./assets/brasserie_voyage.webp"
    }
  
    
  ]
}
